Category,Word To Guess
Around the House,Around the House Filter
Before and After,Before and After Filter
Book Title (Best Seller),Book Title (Best Seller) Filter
Classic Movie,Classic Movie Filter
Classic TV,Classic TV Filter
College Life,Not Available.
Event,Event Filter
Family,Family Filter
Fictional Character,Fictional Character Filter
Fictional Place,Fictional Place Filter
Food and Drink,Food and Drink Filter
Fun and Games,Fun and Games Filter
Headline,Headline Filter
Husband and Wife,Husband and Wife Filter
In the Kitchen,In the Kitchen Filter
Landmark,Landmark Filter
Living Thing,Living Thing Filter
Megaword,Megaword Filter
Movie Quotes,Movie Quotes Filter
Movie Title,Movie Title Filter
Occupation,Occupation Filter
On the Map,On the Map Filter
People,People Filter
Person,Person Filter
Phrase,Phrase Filter
Place,Place Filter
Proper Name,Proper Name Filter
Quotation,Quotation Filter
Rhyme Time,Rhyme Time Filter
Rock On,Rock On Filter
Same Letter,Same Letter Filter
Same Name,Same Name Filter
Show Biz,Show Biz Filter
Slogan,Slogan Filter
Song/Artist,Song / Artist Filter
Song Lyrics,Song Lyrics Filter
Song Title,Song Title Filter
Star and Role,Star and Role Filter
The 50’s,Not Available.
The 60’s,Not Available.
The 70’s,Not Available.
The 80’s,The 80s Filter
The 90’s,The 90s Filter
Thing,Thing Filter
Title/Author,Title and Author Filter
Title,Title Filter
TV Show Title,TV Show Title Filter
What Are You Doing,What Are You Doing Filter
What Are You Wearing,Not Available.
Where Are We Going,Not Available.
